user_id,feature1,feature2,feature3
1,17.9302012052,94.5205919533,320.259529602
2,97.1446971852,69.5932819844,404.634471526
3,81.7759007845,5.73764809688,181.485107741
4,55.8543424175,70.3259016768,321.773638018
5,49.3665499855,75.1140401571,322.465485583
6,3.19270246506,29.2562988631,94.6188108954
7,49.2007840582,86.1444385075,356.348092747
8,21.882803904,46.8415051959,181.653769226
9,79.5098627219,87.397355535,423.557743194
10,88.1538874975,65.2056419279,369.229245443